index,array_name,data_type,ax,az,bx,bz,mx,mz,nx,nz,apparent_resistivity_ohm_m,resistance_ohm,geometric_factor_m,dobs,standard_deviation
1,wenner,apparent_resistivity,390.0,0.0,420.0,0.0,400.0,0.0,410.0,0.0,76.82,1.22262827283194,62.83185307179586,76.82,3.8409999999999997
2,wenner,apparent_resistivity,380.0,0.0,410.0,0.0,390.0,0.0,400.0,0.0,86.18,1.3715972995659542,62.83185307179586,86.18,4.309
3,wenner,apparent_resistivity,370.0,0.0,400.0,0.0,380.0,0.0,390.0,0.0,58.72,0.9345578258356094,62.83185307179586,58.72,2.936
4,wenner,apparent_resistivity,360.0,0.0,390.0,0.0,370.0,0.0,380.0,0.0,69.28,1.102625445740651,62.83185307179586,69.28,3.4640000000000004
5,wenner,apparent_resistivity,350.0,0.0,380.0,0.0,360.0,0.0,370.0,0.0,53.86,0.8572085234929483,62.83185307179586,53.86,2.693
6,wenner,apparent_resistivity,340.0,0.0,370.0,0.0,350.0,0.0,360.0,0.0,38.44,0.6117916012452457,62.83185307179586,38.44,1.922
7,wenner,apparent_resistivity,330.0,0.0,360.0,0.0,340.0,0.0,350.0,0.0,29.56,0.4704620117796426,62.83185307179586,29.56,1.478
8,wenner,apparent_resistivity,320.0,0.0,350.0,0.0,330.0,0.0,340.0,0.0,29.69,0.47253102603983727,62.83185307179586,29.69,1.4845000000000002
9,wenner,apparent_resistivity,310.0,0.0,340.0,0.0,320.0,0.0,330.0,0.0,30.58,0.48669581597501593,62.83185307179586,30.58,1.529
10,wenner,apparent_resistivity,300.0,0.0,330.0,0.0,310.0,0.0,320.0,0.0,38.45,0.6119507561883376,62.83185307179586,38.45,1.9225000000000003
11,wenner,apparent_resistivity,290.0,0.0,320.0,0.0,300.0,0.0,310.0,0.0,61.67,0.9815085340477187,62.83185307179586,61.67,3.0835000000000004
12,wenner,apparent_resistivity,280.0,0.0,310.0,0.0,290.0,0.0,300.0,0.0,84.88,1.3509071569640076,62.83185307179586,84.88,4.244
13,wenner,apparent_resistivity,270.0,0.0,300.0,0.0,280.0,0.0,290.0,0.0,75.59,1.203052214831637,62.83185307179586,75.59,3.7795000000000005
14,wenner,apparent_resistivity,260.0,0.0,290.0,0.0,270.0,0.0,280.0,0.0,112.44,1.7895381801252712,62.83185307179586,112.44,5.622
15,wenner,apparent_resistivity,250.0,0.0,280.0,0.0,260.0,0.0,270.0,0.0,102.75,1.6353170402692245,62.83185307179586,102.75,5.1375
16,wenner,apparent_resistivity,240.0,0.0,270.0,0.0,250.0,0.0,260.0,0.0,122.2,1.9448734045829612,62.83185307179586,122.2,6.11
17,wenner,apparent_resistivity,230.0,0.0,260.0,0.0,240.0,0.0,250.0,0.0,107.07,1.7040719756849234,62.83185307179586,107.07,5.3535
18,wenner,apparent_resistivity,220.0,0.0,250.0,0.0,230.0,0.0,240.0,0.0,91.94,1.4632705467868858,62.83185307179586,91.94,4.597
19,wenner,apparent_resistivity,210.0,0.0,240.0,0.0,220.0,0.0,230.0,0.0,78.54,1.2500029230437462,62.83185307179586,78.54,3.9270000000000005
20,wenner,apparent_resistivity,200.0,0.0,230.0,0.0,210.0,0.0,220.0,0.0,65.15,1.0368944542436982,62.83185307179586,65.15,3.2575000000000003
21,wenner,apparent_resistivity,190.0,0.0,220.0,0.0,200.0,0.0,210.0,0.0,34.84,0.5544958217321634,62.83185307179586,34.84,1.7420000000000002
22,wenner,apparent_resistivity,180.0,0.0,210.0,0.0,190.0,0.0,200.0,0.0,45.49,0.7239958361250319,62.83185307179586,45.49,2.2745
23,wenner,apparent_resistivity,170.0,0.0,200.0,0.0,180.0,0.0,190.0,0.0,56.14,0.8934958505179005,62.83185307179586,56.14,2.8070000000000004
24,wenner,apparent_resistivity,160.0,0.0,190.0,0.0,170.0,0.0,180.0,0.0,38.98,0.620385968172208,62.83185307179586,38.98,1.9489999999999998
25,wenner,apparent_resistivity,150.0,0.0,180.0,0.0,160.0,0.0,170.0,0.0,35.24,0.5608620194558392,62.83185307179586,35.24,1.7620000000000002
26,wenner,apparent_resistivity,140.0,0.0,170.0,0.0,150.0,0.0,160.0,0.0,48.63,0.7739704882558871,62.83185307179586,48.63,2.4315
27,wenner,apparent_resistivity,130.0,0.0,160.0,0.0,140.0,0.0,150.0,0.0,40.53,0.6450549843514518,62.83185307179586,40.53,2.0265
28,wenner,apparent_resistivity,120.0,0.0,150.0,0.0,130.0,0.0,140.0,0.0,49.72,0.7913183770529036,62.83185307179586,49.72,2.486
29,wenner,apparent_resistivity,110.0,0.0,140.0,0.0,120.0,0.0,130.0,0.0,40.12,0.638529631684684,62.83185307179586,40.12,2.006
30,wenner,apparent_resistivity,100.0,0.0,130.0,0.0,110.0,0.0,120.0,0.0,30.53,0.4859000412595565,62.83185307179586,30.53,1.5265000000000002
31,wenner,apparent_resistivity,90.0,0.0,120.0,0.0,100.0,0.0,110.0,0.0,37.63,0.5989000508548022,62.83185307179586,37.63,1.8815000000000002
32,wenner,apparent_resistivity,80.0,0.0,110.0,0.0,90.0,0.0,100.0,0.0,31.53,0.501815535568746,62.83185307179586,31.53,1.5765000000000002
33,wenner,apparent_resistivity,70.0,0.0,100.0,0.0,80.0,0.0,90.0,0.0,31.88,0.5073859585769623,62.83185307179586,31.88,1.594
34,wenner,apparent_resistivity,60.0,0.0,90.0,0.0,70.0,0.0,80.0,0.0,29.24,0.46536905360070197,62.83185307179586,29.24,1.462
35,wenner,apparent_resistivity,50.0,0.0,80.0,0.0,60.0,0.0,70.0,0.0,37.06,0.5898282190985642,62.83185307179586,37.06,1.8530000000000002
36,wenner,apparent_resistivity,40.0,0.0,70.0,0.0,50.0,0.0,60.0,0.0,45.29,0.720812737263194,62.83185307179586,45.29,2.2645
37,wenner,apparent_resistivity,30.0,0.0,60.0,0.0,40.0,0.0,50.0,0.0,53.53,0.8519564103709157,62.83185307179586,53.53,2.6765000000000003
38,wenner,apparent_resistivity,20.0,0.0,50.0,0.0,30.0,0.0,40.0,0.0,45.06,0.7171521735720805,62.83185307179586,45.06,2.253
39,wenner,apparent_resistivity,10.0,0.0,40.0,0.0,20.0,0.0,30.0,0.0,80.93,1.2880409544427092,62.83185307179586,80.93,4.046500000000001
40,wenner,apparent_resistivity,0.0,0.0,30.0,0.0,10.0,0.0,20.0,0.0,116.81,1.8590888902564295,62.83185307179586,116.81,5.8405000000000005
41,wenner,apparent_resistivity,360.0,0.0,420.0,0.0,380.0,0.0,400.0,0.0,84.07,0.669007803286782,125.66370614359172,84.07,4.2035
42,wenner,apparent_resistivity,350.0,0.0,410.0,0.0,370.0,0.0,390.0,0.0,67.33,0.5357951159188656,125.66370614359172,67.33,3.3665000000000003
43,wenner,apparent_resistivity,340.0,0.0,400.0,0.0,360.0,0.0,380.0,0.0,50.59,0.4025824285509493,125.66370614359172,50.59,2.5295000000000005
44,wenner,apparent_resistivity,330.0,0.0,390.0,0.0,350.0,0.0,370.0,0.0,63.13,0.5023725778695677,125.66370614359172,63.13,3.1565000000000003
45,wenner,apparent_resistivity,320.0,0.0,380.0,0.0,340.0,0.0,360.0,0.0,43.75,0.34815143801352105,125.66370614359172,43.75,2.1875
46,wenner,apparent_resistivity,310.0,0.0,370.0,0.0,330.0,0.0,350.0,0.0,41.01,0.3263472108099314,125.66370614359172,41.01,2.0505
47,wenner,apparent_resistivity,300.0,0.0,360.0,0.0,320.0,0.0,340.0,0.0,53.44,0.42526200794154434,125.66370614359172,53.44,2.672
48,wenner,apparent_resistivity,290.0,0.0,350.0,0.0,310.0,0.0,330.0,0.0,45.67,0.363430312550343,125.66370614359172,45.67,2.2835
49,wenner,apparent_resistivity,280.0,0.0,340.0,0.0,300.0,0.0,320.0,0.0,58.17,0.4629021519827776,125.66370614359172,58.17,2.9085
50,wenner,apparent_resistivity,270.0,0.0,330.0,0.0,290.0,0.0,310.0,0.0,70.68,0.5624535688867582,125.66370614359172,70.68,3.5340000000000007
51,wenner,apparent_resistivity,260.0,0.0,320.0,0.0,280.0,0.0,300.0,0.0,72.33,0.5755838516918395,125.66370614359172,72.33,3.6165000000000003
52,wenner,apparent_resistivity,250.0,0.0,310.0,0.0,270.0,0.0,290.0,0.0,51.43,0.4092669361608089,125.66370614359172,51.43,2.5715000000000003
53,wenner,apparent_resistivity,240.0,0.0,300.0,0.0,260.0,0.0,280.0,0.0,77.33,0.6153725874648134,125.66370614359172,77.33,3.8665000000000003
54,wenner,apparent_resistivity,230.0,0.0,290.0,0.0,250.0,0.0,270.0,0.0,103.23,0.8214782387688179,125.66370614359172,103.23,5.1615
55,wenner,apparent_resistivity,220.0,0.0,280.0,0.0,240.0,0.0,260.0,0.0,78.14,0.6218183626600351,125.66370614359172,78.14,3.907
56,wenner,apparent_resistivity,210.0,0.0,270.0,0.0,230.0,0.0,250.0,0.0,53.04,0.42207890907970647,125.66370614359172,53.04,2.652
57,wenner,apparent_resistivity,200.0,0.0,260.0,0.0,220.0,0.0,240.0,0.0,64.46,0.5129563815851786,125.66370614359172,64.46,3.223
58,wenner,apparent_resistivity,190.0,0.0,250.0,0.0,210.0,0.0,230.0,0.0,75.87,0.603754276619105,125.66370614359172,75.87,3.7935000000000003
59,wenner,apparent_resistivity,180.0,0.0,240.0,0.0,200.0,0.0,220.0,0.0,43.18,0.34361552213540203,125.66370614359172,43.18,2.1590000000000003
60,wenner,apparent_resistivity,170.0,0.0,230.0,0.0,190.0,0.0,210.0,0.0,42.59,0.3389204513141912,125.66370614359172,42.59,2.1295
61,wenner,apparent_resistivity,160.0,0.0,220.0,0.0,180.0,0.0,200.0,0.0,42.01,0.33430495796452614,125.66370614359172,42.01,2.1005
62,wenner,apparent_resistivity,150.0,0.0,210.0,0.0,170.0,0.0,190.0,0.0,46.32,0.3686028482008296,125.66370614359172,46.32,2.3160000000000003
63,wenner,apparent_resistivity,140.0,0.0,200.0,0.0,160.0,0.0,180.0,0.0,44.16,0.3514141143469049,125.66370614359172,44.16,2.2079999999999997
64,wenner,apparent_resistivity,130.0,0.0,190.0,0.0,150.0,0.0,170.0,0.0,42.82,0.3407507331597479,125.66370614359172,42.82,2.141
65,wenner,apparent_resistivity,120.0,0.0,180.0,0.0,140.0,0.0,160.0,0.0,55.08,0.43831271327507976,125.66370614359172,55.08,2.754
66,wenner,apparent_resistivity,110.0,0.0,170.0,0.0,130.0,0.0,150.0,0.0,54.75,0.4356866567140635,125.66370614359172,54.75,2.7375000000000003
67,wenner,apparent_resistivity,100.0,0.0,160.0,0.0,120.0,0.0,140.0,0.0,47.43,0.3774359475424298,125.66370614359172,47.43,2.3715
68,wenner,apparent_resistivity,90.0,0.0,150.0,0.0,110.0,0.0,130.0,0.0,60.23,0.4792951111212428,125.66370614359172,60.23,3.0115
69,wenner,apparent_resistivity,80.0,0.0,140.0,0.0,100.0,0.0,120.0,0.0,49.6,0.39470425886790045,125.66370614359172,49.6,2.4800000000000004
70,wenner,apparent_resistivity,70.0,0.0,130.0,0.0,90.0,0.0,110.0,0.0,49.14,0.3910436951767869,125.66370614359172,49.14,2.4570000000000003
71,wenner,apparent_resistivity,60.0,0.0,120.0,0.0,80.0,0.0,100.0,0.0,52.5,0.4177817256162253,125.66370614359172,52.5,2.625
72,wenner,apparent_resistivity,50.0,0.0,110.0,0.0,70.0,0.0,90.0,0.0,46.27,0.3682049608430999,125.66370614359172,46.27,2.3135000000000003
73,wenner,apparent_resistivity,40.0,0.0,100.0,0.0,60.0,0.0,80.0,0.0,48.33,0.38459791998156506,125.66370614359172,48.33,2.4165
74,wenner,apparent_resistivity,30.0,0.0,90.0,0.0,50.0,0.0,70.0,0.0,57.44,0.4570929965599234,125.66370614359172,57.44,2.872
75,wenner,apparent_resistivity,20.0,0.0,80.0,0.0,40.0,0.0,60.0,0.0,72.7,0.5785282181390395,125.66370614359172,72.7,3.6350000000000002
76,wenner,apparent_resistivity,10.0,0.0,70.0,0.0,30.0,0.0,50.0,0.0,80.89,0.6437021673351707,125.66370614359172,80.89,4.0445
77,wenner,apparent_resistivity,0.0,0.0,60.0,0.0,20.0,0.0,40.0,0.0,85.58,0.6810240014902201,125.66370614359172,85.58,4.279
78,wenner,apparent_resistivity,330.0,0.0,420.0,0.0,360.0,0.0,390.0,0.0,62.74,0.3328460376528504,188.4955592153876,62.74,3.1370000000000005
79,wenner,apparent_resistivity,320.0,0.0,410.0,0.0,350.0,0.0,380.0,0.0,52.49,0.27846809876311956,188.4955592153876,52.49,2.6245000000000003
80,wenner,apparent_resistivity,310.0,0.0,400.0,0.0,340.0,0.0,370.0,0.0,63.15,0.33502115520843967,188.4955592153876,63.15,3.1575
81,wenner,apparent_resistivity,300.0,0.0,390.0,0.0,330.0,0.0,360.0,0.0,53.2,0.28223476574962775,188.4955592153876,53.2,2.66
82,wenner,apparent_resistivity,290.0,0.0,380.0,0.0,320.0,0.0,350.0,0.0,59.51,0.315710355446623,188.4955592153876,59.51,2.9755000000000003
83,wenner,apparent_resistivity,280.0,0.0,370.0,0.0,310.0,0.0,340.0,0.0,52.71,0.2796352350124601,188.4955592153876,52.71,2.6355000000000004
84,wenner,apparent_resistivity,270.0,0.0,360.0,0.0,300.0,0.0,330.0,0.0,65.07,0.3452070715663209,188.4955592153876,65.07,3.2535
85,wenner,apparent_resistivity,260.0,0.0,350.0,0.0,290.0,0.0,320.0,0.0,60.88,0.32297843118115294,188.4955592153876,60.88,3.0440000000000005
86,wenner,apparent_resistivity,250.0,0.0,340.0,0.0,280.0,0.0,310.0,0.0,60.78,0.32244791470417994,188.4955592153876,60.78,3.039
87,wenner,apparent_resistivity,240.0,0.0,330.0,0.0,270.0,0.0,300.0,0.0,48.05,0.254913167185519,188.4955592153876,48.05,2.4025
88,wenner,apparent_resistivity,230.0,0.0,320.0,0.0,260.0,0.0,290.0,0.0,50.2,0.2663192714404382,188.4955592153876,50.2,2.5100000000000002
89,wenner,apparent_resistivity,220.0,0.0,310.0,0.0,250.0,0.0,280.0,0.0,51.24,0.2718366428009572,188.4955592153876,51.24,2.5620000000000003
90,wenner,apparent_resistivity,210.0,0.0,300.0,0.0,240.0,0.0,270.0,0.0,57.31,0.3040389929532174,188.4955592153876,57.31,2.8655000000000004
91,wenner,apparent_resistivity,200.0,0.0,290.0,0.0,230.0,0.0,260.0,0.0,48.8,0.2588920407628164,188.4955592153876,48.8,2.44
92,wenner,apparent_resistivity,190.0,0.0,280.0,0.0,220.0,0.0,250.0,0.0,52.68,0.2794760800693682,188.4955592153876,52.68,2.6340000000000003
93,wenner,apparent_resistivity,180.0,0.0,270.0,0.0,210.0,0.0,240.0,0.0,44.65,0.23687560696843754,188.4955592153876,44.65,2.2325
94,wenner,apparent_resistivity,170.0,0.0,260.0,0.0,200.0,0.0,230.0,0.0,58.0,0.30769955664433096,188.4955592153876,58.0,2.9000000000000004
95,wenner,apparent_resistivity,160.0,0.0,250.0,0.0,190.0,0.0,220.0,0.0,49.86,0.26451551541873003,188.4955592153876,49.86,2.4930000000000003
96,wenner,apparent_resistivity,150.0,0.0,240.0,0.0,180.0,0.0,210.0,0.0,62.25,0.3302465069156828,188.4955592153876,62.25,3.1125000000000003
97,wenner,apparent_resistivity,140.0,0.0,230.0,0.0,170.0,0.0,200.0,0.0,50.11,0.2658418066111625,188.4955592153876,50.11,2.5055
98,wenner,apparent_resistivity,130.0,0.0,220.0,0.0,160.0,0.0,190.0,0.0,57.08,0.30281880505617953,188.4955592153876,57.08,2.854
99,wenner,apparent_resistivity,120.0,0.0,210.0,0.0,150.0,0.0,180.0,0.0,39.66,0.2104028347674856,188.4955592153876,39.66,1.9829999999999999
100,wenner,apparent_resistivity,110.0,0.0,200.0,0.0,140.0,0.0,170.0,0.0,54.98,0.2916779590397468,188.4955592153876,54.98,2.749
101,wenner,apparent_resistivity,100.0,0.0,190.0,0.0,130.0,0.0,160.0,0.0,47.93,0.2542765474131514,188.4955592153876,47.93,2.3965
102,wenner,apparent_resistivity,90.0,0.0,180.0,0.0,120.0,0.0,150.0,0.0,65.53,0.3476474473603967,188.4955592153876,65.53,3.2765000000000004
103,wenner,apparent_resistivity,80.0,0.0,170.0,0.0,110.0,0.0,140.0,0.0,57.34,0.3041981478963093,188.4955592153876,57.34,2.8670000000000004
104,wenner,apparent_resistivity,70.0,0.0,160.0,0.0,100.0,0.0,130.0,0.0,67.65,0.358894396672224,188.4955592153876,67.65,3.3825000000000003
105,wenner,apparent_resistivity,60.0,0.0,150.0,0.0,90.0,0.0,120.0,0.0,63.93,0.339159183728829,188.4955592153876,63.93,3.1965000000000003
106,wenner,apparent_resistivity,50.0,0.0,140.0,0.0,80.0,0.0,110.0,0.0,67.55,0.35836388019525095,188.4955592153876,67.55,3.3775
107,wenner,apparent_resistivity,40.0,0.0,130.0,0.0,70.0,0.0,100.0,0.0,59.52,0.3157634070943203,188.4955592153876,59.52,2.9760000000000004
108,wenner,apparent_resistivity,30.0,0.0,120.0,0.0,60.0,0.0,90.0,0.0,68.4,0.3628732702495214,188.4955592153876,68.4,3.4200000000000004
109,wenner,apparent_resistivity,20.0,0.0,110.0,0.0,50.0,0.0,80.0,0.0,72.69,0.38563242711166235,188.4955592153876,72.69,3.6345
110,wenner,apparent_resistivity,10.0,0.0,100.0,0.0,40.0,0.0,70.0,0.0,87.3,0.4631408843974154,188.4955592153876,87.3,4.365
111,wenner,apparent_resistivity,0.0,0.0,90.0,0.0,30.0,0.0,60.0,0.0,94.2,0.49974652130855135,188.4955592153876,94.2,4.71
112,wenner,apparent_resistivity,300.0,0.0,420.0,0.0,340.0,0.0,380.0,0.0,65.73,0.261531360235757,251.32741228718345,65.73,3.2865
113,wenner,apparent_resistivity,290.0,0.0,410.0,0.0,330.0,0.0,370.0,0.0,60.78,0.24183593602813497,251.32741228718345,60.78,3.039
114,wenner,apparent_resistivity,280.0,0.0,400.0,0.0,320.0,0.0,360.0,0.0,72.97,0.2903384049353901,251.32741228718345,72.97,3.6485000000000003
115,wenner,apparent_resistivity,270.0,0.0,390.0,0.0,310.0,0.0,350.0,0.0,83.06,0.3304852393303207,251.32741228718345,83.06,4.1530000000000005
116,wenner,apparent_resistivity,260.0,0.0,380.0,0.0,300.0,0.0,340.0,0.0,64.26,0.2556824160771299,251.32741228718345,64.26,3.2130000000000005
117,wenner,apparent_resistivity,250.0,0.0,370.0,0.0,290.0,0.0,330.0,0.0,72.03,0.28659826377273057,251.32741228718345,72.03,3.6015
118,wenner,apparent_resistivity,240.0,0.0,360.0,0.0,280.0,0.0,320.0,0.0,55.29,0.21999192008877233,251.32741228718345,55.29,2.7645
119,wenner,apparent_resistivity,230.0,0.0,350.0,0.0,270.0,0.0,310.0,0.0,45.3,0.18024297305157147,251.32741228718345,45.3,2.265
120,wenner,apparent_resistivity,220.0,0.0,340.0,0.0,260.0,0.0,300.0,0.0,50.68,0.2016493128974314,251.32741228718345,50.68,2.5340000000000003
121,wenner,apparent_resistivity,210.0,0.0,330.0,0.0,250.0,0.0,290.0,0.0,45.28,0.18016339558002553,251.32741228718345,45.28,2.2640000000000002
122,wenner,apparent_resistivity,200.0,0.0,320.0,0.0,240.0,0.0,280.0,0.0,45.84,0.1823915647833121,251.32741228718345,45.84,2.2920000000000003
123,wenner,apparent_resistivity,190.0,0.0,310.0,0.0,230.0,0.0,270.0,0.0,45.77,0.18211304363290126,251.32741228718345,45.77,2.2885000000000004
124,wenner,apparent_resistivity,180.0,0.0,300.0,0.0,220.0,0.0,260.0,0.0,47.88,0.19050846688099873,251.32741228718345,47.88,2.394
125,wenner,apparent_resistivity,170.0,0.0,290.0,0.0,210.0,0.0,250.0,0.0,47.11,0.18744473422647973,251.32741228718345,47.11,2.3555
126,wenner,apparent_resistivity,160.0,0.0,280.0,0.0,200.0,0.0,240.0,0.0,56.95,0.226596850227086,251.32741228718345,56.95,2.8475
127,wenner,apparent_resistivity,150.0,0.0,270.0,0.0,190.0,0.0,230.0,0.0,47.79,0.19015036825904197,251.32741228718345,47.79,2.3895
128,wenner,apparent_resistivity,140.0,0.0,260.0,0.0,180.0,0.0,220.0,0.0,60.37,0.24020459786144305,251.32741228718345,60.37,3.0185
129,wenner,apparent_resistivity,130.0,0.0,250.0,0.0,170.0,0.0,210.0,0.0,67.18,0.26730072692283824,251.32741228718345,67.18,3.3590000000000004
130,wenner,apparent_resistivity,120.0,0.0,240.0,0.0,160.0,0.0,200.0,0.0,63.76,0.25369297928848117,251.32741228718345,63.76,3.188
131,wenner,apparent_resistivity,110.0,0.0,230.0,0.0,150.0,0.0,190.0,0.0,49.64,0.19751128437704213,251.32741228718345,49.64,2.482
132,wenner,apparent_resistivity,100.0,0.0,220.0,0.0,140.0,0.0,180.0,0.0,59.61,0.23718065394269702,251.32741228718345,59.61,2.9805
133,wenner,apparent_resistivity,90.0,0.0,210.0,0.0,130.0,0.0,170.0,0.0,56.54,0.22496551206039406,251.32741228718345,56.54,2.827
134,wenner,apparent_resistivity,80.0,0.0,200.0,0.0,120.0,0.0,160.0,0.0,64.02,0.25472748641857845,251.32741228718345,64.02,3.201
135,wenner,apparent_resistivity,70.0,0.0,190.0,0.0,110.0,0.0,150.0,0.0,70.06,0.2787598828254547,251.32741228718345,70.06,3.503
136,wenner,apparent_resistivity,60.0,0.0,180.0,0.0,100.0,0.0,140.0,0.0,68.18,0.27127960050013566,251.32741228718345,68.18,3.4090000000000007
137,wenner,apparent_resistivity,50.0,0.0,170.0,0.0,90.0,0.0,130.0,0.0,76.79,0.3055377020006661,251.32741228718345,76.79,3.8395000000000006
138,wenner,apparent_resistivity,40.0,0.0,160.0,0.0,80.0,0.0,120.0,0.0,72.87,0.2899405175776604,251.32741228718345,72.87,3.6435000000000004
139,wenner,apparent_resistivity,30.0,0.0,150.0,0.0,70.0,0.0,110.0,0.0,71.96,0.2863197426223197,251.32741228718345,71.96,3.598
140,wenner,apparent_resistivity,20.0,0.0,140.0,0.0,60.0,0.0,100.0,0.0,81.3,0.3234824218342773,251.32741228718345,81.3,4.065
141,wenner,apparent_resistivity,10.0,0.0,130.0,0.0,50.0,0.0,90.0,0.0,86.38,0.343695099606948,251.32741228718345,86.38,4.319
142,wenner,apparent_resistivity,0.0,0.0,120.0,0.0,40.0,0.0,80.0,0.0,96.62,0.38443876503847324,251.32741228718345,96.62,4.831
143,wenner,apparent_resistivity,270.0,0.0,420.0,0.0,320.0,0.0,370.0,0.0,87.07,0.2771524179002265,314.1592653589793,87.07,4.3534999999999995
144,wenner,apparent_resistivity,260.0,0.0,410.0,0.0,310.0,0.0,360.0,0.0,77.69,0.24729495057618697,314.1592653589793,77.69,3.8845
145,wenner,apparent_resistivity,250.0,0.0,400.0,0.0,300.0,0.0,350.0,0.0,79.46,0.25292903556164004,314.1592653589793,79.46,3.973
146,wenner,apparent_resistivity,240.0,0.0,390.0,0.0,290.0,0.0,340.0,0.0,91.62,0.291635517721589,314.1592653589793,91.62,4.581
147,wenner,apparent_resistivity,230.0,0.0,380.0,0.0,280.0,0.0,330.0,0.0,69.12,0.22001579333023613,314.1592653589793,69.12,3.4560000000000004
148,wenner,apparent_resistivity,220.0,0.0,370.0,0.0,270.0,0.0,320.0,0.0,46.61,0.14836423795026482,314.1592653589793,46.61,2.3305000000000002
149,wenner,apparent_resistivity,210.0,0.0,360.0,0.0,260.0,0.0,310.0,0.0,54.55,0.1736380429132578,314.1592653589793,54.55,2.7275
150,wenner,apparent_resistivity,200.0,0.0,350.0,0.0,250.0,0.0,300.0,0.0,46.03,0.14651804061039886,314.1592653589793,46.03,2.3015000000000003
151,wenner,apparent_resistivity,190.0,0.0,340.0,0.0,240.0,0.0,290.0,0.0,41.3,0.13146198299390555,314.1592653589793,41.3,2.065
152,wenner,apparent_resistivity,180.0,0.0,330.0,0.0,230.0,0.0,280.0,0.0,39.07,0.12436367253200702,314.1592653589793,39.07,1.9535
153,wenner,apparent_resistivity,170.0,0.0,320.0,0.0,220.0,0.0,270.0,0.0,50.85,0.16186057712445756,314.1592653589793,50.85,2.5425000000000004
154,wenner,apparent_resistivity,160.0,0.0,310.0,0.0,210.0,0.0,260.0,0.0,50.65,0.16122395735208997,314.1592653589793,50.65,2.5325
155,wenner,apparent_resistivity,150.0,0.0,300.0,0.0,200.0,0.0,250.0,0.0,55.42,0.1764073389230568,314.1592653589793,55.42,2.7710000000000004
156,wenner,apparent_resistivity,140.0,0.0,290.0,0.0,190.0,0.0,240.0,0.0,55.54,0.17678931078647733,314.1592653589793,55.54,2.777
157,wenner,apparent_resistivity,130.0,0.0,280.0,0.0,180.0,0.0,230.0,0.0,73.17,0.23290734372067964,314.1592653589793,73.17,3.6585
158,wenner,apparent_resistivity,120.0,0.0,270.0,0.0,170.0,0.0,220.0,0.0,61.14,0.19461466441276962,314.1592653589793,61.14,3.0570000000000004
159,wenner,apparent_resistivity,110.0,0.0,260.0,0.0,160.0,0.0,210.0,0.0,66.64,0.2121217081528781,314.1592653589793,66.64,3.3320000000000003
160,wenner,apparent_resistivity,100.0,0.0,250.0,0.0,150.0,0.0,200.0,0.0,51.3,0.1632929716122846,314.1592653589793,51.3,2.565
161,wenner,apparent_resistivity,90.0,0.0,240.0,0.0,140.0,0.0,190.0,0.0,73.32,0.2333848085499553,314.1592653589793,73.32,3.666
162,wenner,apparent_resistivity,80.0,0.0,230.0,0.0,130.0,0.0,180.0,0.0,65.54,0.20862029940485644,314.1592653589793,65.54,3.2770000000000006
163,wenner,apparent_resistivity,70.0,0.0,220.0,0.0,120.0,0.0,170.0,0.0,77.56,0.24688114772414804,314.1592653589793,77.56,3.878
164,wenner,apparent_resistivity,60.0,0.0,210.0,0.0,110.0,0.0,160.0,0.0,72.76,0.2316022731873261,314.1592653589793,72.76,3.6380000000000003
165,wenner,apparent_resistivity,50.0,0.0,200.0,0.0,100.0,0.0,150.0,0.0,75.13,0.2391462174898819,314.1592653589793,75.13,3.7565
166,wenner,apparent_resistivity,40.0,0.0,190.0,0.0,90.0,0.0,140.0,0.0,69.11,0.21998396234161774,314.1592653589793,69.11,3.4555000000000002
167,wenner,apparent_resistivity,30.0,0.0,180.0,0.0,80.0,0.0,130.0,0.0,82.17,0.2615552334772208,314.1592653589793,82.17,4.1085
168,wenner,apparent_resistivity,20.0,0.0,170.0,0.0,70.0,0.0,120.0,0.0,78.62,0.2502552325176962,314.1592653589793,78.62,3.9310000000000005
169,wenner,apparent_resistivity,10.0,0.0,160.0,0.0,60.0,0.0,110.0,0.0,89.21,0.2839642494645596,314.1592653589793,89.21,4.4605
170,wenner,apparent_resistivity,0.0,0.0,150.0,0.0,50.0,0.0,100.0,0.0,89.94,0.2862879116337013,314.1592653589793,89.94,4.497
171,wenner,apparent_resistivity,240.0,0.0,420.0,0.0,300.0,0.0,360.0,0.0,92.54,0.2454699738953999,376.9911184307752,92.54,4.627000000000001
172,wenner,apparent_resistivity,230.0,0.0,410.0,0.0,290.0,0.0,350.0,0.0,92.12,0.24435588929375665,376.9911184307752,92.12,4.606000000000001
173,wenner,apparent_resistivity,220.0,0.0,400.0,0.0,280.0,0.0,340.0,0.0,87.38,0.2317826487894969,376.9911184307752,87.38,4.369
174,wenner,apparent_resistivity,210.0,0.0,390.0,0.0,270.0,0.0,330.0,0.0,80.35,0.21313499462389648,376.9911184307752,80.35,4.0175
175,wenner,apparent_resistivity,200.0,0.0,380.0,0.0,260.0,0.0,320.0,0.0,70.59,0.18724579054761487,376.9911184307752,70.59,3.5295000000000005
176,wenner,apparent_resistivity,190.0,0.0,370.0,0.0,250.0,0.0,310.0,0.0,60.66,0.16090564746590616,376.9911184307752,60.66,3.033
177,wenner,apparent_resistivity,180.0,0.0,360.0,0.0,240.0,0.0,300.0,0.0,49.05,0.13010916597762442,376.9911184307752,49.05,2.4525
178,wenner,apparent_resistivity,170.0,0.0,350.0,0.0,230.0,0.0,290.0,0.0,43.78,0.11613005680938629,376.9911184307752,43.78,2.189
179,wenner,apparent_resistivity,160.0,0.0,340.0,0.0,220.0,0.0,280.0,0.0,43.07,0.1142467233161322,376.9911184307752,43.07,2.1535
180,wenner,apparent_resistivity,150.0,0.0,330.0,0.0,210.0,0.0,270.0,0.0,50.95,0.1351490725088678,376.9911184307752,50.95,2.5475000000000003
181,wenner,apparent_resistivity,140.0,0.0,320.0,0.0,200.0,0.0,260.0,0.0,49.15,0.13037442421611092,376.9911184307752,49.15,2.4575
182,wenner,apparent_resistivity,130.0,0.0,310.0,0.0,190.0,0.0,250.0,0.0,59.98,0.15910189144419803,376.9911184307752,59.98,2.999
183,wenner,apparent_resistivity,120.0,0.0,300.0,0.0,180.0,0.0,240.0,0.0,67.53,0.1791288884499282,376.9911184307752,67.53,3.3765
184,wenner,apparent_resistivity,110.0,0.0,290.0,0.0,170.0,0.0,230.0,0.0,67.17,0.17817395879137682,376.9911184307752,67.17,3.3585000000000003
185,wenner,apparent_resistivity,100.0,0.0,280.0,0.0,160.0,0.0,220.0,0.0,76.44,0.20276339749907465,376.9911184307752,76.44,3.822
186,wenner,apparent_resistivity,90.0,0.0,270.0,0.0,150.0,0.0,210.0,0.0,57.16,0.15162160911887895,376.9911184307752,57.16,2.858
187,wenner,apparent_resistivity,80.0,0.0,260.0,0.0,140.0,0.0,200.0,0.0,77.74,0.20621175459939903,376.9911184307752,77.74,3.887
188,wenner,apparent_resistivity,70.0,0.0,250.0,0.0,130.0,0.0,190.0,0.0,74.87,0.19859884315483672,376.9911184307752,74.87,3.7435000000000005
189,wenner,apparent_resistivity,60.0,0.0,240.0,0.0,120.0,0.0,180.0,0.0,80.98,0.21480612152636142,376.9911184307752,80.98,4.049
190,wenner,apparent_resistivity,50.0,0.0,230.0,0.0,110.0,0.0,170.0,0.0,81.61,0.2164772484288263,376.9911184307752,81.61,4.0805
191,wenner,apparent_resistivity,40.0,0.0,220.0,0.0,100.0,0.0,160.0,0.0,75.56,0.20042912500039353,376.9911184307752,75.56,3.7780000000000005
192,wenner,apparent_resistivity,30.0,0.0,210.0,0.0,90.0,0.0,150.0,0.0,88.85,0.23568194489524832,376.9911184307752,88.85,4.4425
193,wenner,apparent_resistivity,20.0,0.0,200.0,0.0,80.0,0.0,140.0,0.0,82.99,0.22013781211993988,376.9911184307752,82.99,4.1495
194,wenner,apparent_resistivity,10.0,0.0,190.0,0.0,70.0,0.0,130.0,0.0,87.18,0.23125213231252392,376.9911184307752,87.18,4.359000000000001
195,wenner,apparent_resistivity,0.0,0.0,180.0,0.0,60.0,0.0,120.0,0.0,90.46,0.23995260253488085,376.9911184307752,90.46,4.523
196,wenner,apparent_resistivity,210.0,0.0,420.0,0.0,280.0,0.0,350.0,0.0,73.31,0.16668069825809784,439.822971502571,73.31,3.6655
197,wenner,apparent_resistivity,200.0,0.0,410.0,0.0,270.0,0.0,340.0,0.0,56.15,0.12766500078014176,439.822971502571,56.15,2.8075
198,wenner,apparent_resistivity,190.0,0.0,400.0,0.0,260.0,0.0,330.0,0.0,81.49,0.18527909017940788,439.822971502571,81.49,4.0745
199,wenner,apparent_resistivity,180.0,0.0,390.0,0.0,250.0,0.0,320.0,0.0,70.86,0.1611102752498815,439.822971502571,70.86,3.543
200,wenner,apparent_resistivity,170.0,0.0,380.0,0.0,240.0,0.0,310.0,0.0,63.43,0.1442171148616989,439.822971502571,63.43,3.1715
201,wenner,apparent_resistivity,160.0,0.0,370.0,0.0,230.0,0.0,300.0,0.0,63.0,0.1432394487827058,439.822971502571,63.0,3.1500000000000004
202,wenner,apparent_resistivity,150.0,0.0,360.0,0.0,220.0,0.0,290.0,0.0,57.43,0.1305752625966793,439.822971502571,57.43,2.8715
203,wenner,apparent_resistivity,140.0,0.0,350.0,0.0,210.0,0.0,280.0,0.0,43.18,0.09817586346725773,439.822971502571,43.18,2.1590000000000003
204,wenner,apparent_resistivity,130.0,0.0,340.0,0.0,200.0,0.0,270.0,0.0,56.81,0.12916560452929393,439.822971502571,56.81,2.8405000000000005
205,wenner,apparent_resistivity,120.0,0.0,330.0,0.0,190.0,0.0,260.0,0.0,49.88,0.11340926516319629,439.822971502571,49.88,2.494
206,wenner,apparent_resistivity,110.0,0.0,320.0,0.0,180.0,0.0,250.0,0.0,63.96,0.14542214514510896,439.822971502571,63.96,3.1980000000000004
207,wenner,apparent_resistivity,100.0,0.0,310.0,0.0,170.0,0.0,240.0,0.0,62.49,0.14207989134017915,439.822971502571,62.49,3.1245000000000003
208,wenner,apparent_resistivity,90.0,0.0,300.0,0.0,160.0,0.0,230.0,0.0,72.93,0.16581671428131325,439.822971502571,72.93,3.6465000000000005
209,wenner,apparent_resistivity,80.0,0.0,290.0,0.0,150.0,0.0,220.0,0.0,61.17,0.13907868384187483,439.822971502571,61.17,3.0585000000000004
210,wenner,apparent_resistivity,70.0,0.0,280.0,0.0,140.0,0.0,210.0,0.0,89.81,0.20419579198690174,439.822971502571,89.81,4.4905
211,wenner,apparent_resistivity,60.0,0.0,270.0,0.0,130.0,0.0,200.0,0.0,78.16,0.17770786217232198,439.822971502571,78.16,3.908
212,wenner,apparent_resistivity,50.0,0.0,260.0,0.0,120.0,0.0,190.0,0.0,83.68,0.19025836625614007,439.822971502571,83.68,4.184
213,wenner,apparent_resistivity,40.0,0.0,250.0,0.0,110.0,0.0,180.0,0.0,84.04,0.19107687739204124,439.822971502571,84.04,4.202000000000001
214,wenner,apparent_resistivity,30.0,0.0,240.0,0.0,100.0,0.0,170.0,0.0,86.72,0.19717023807041664,439.822971502571,86.72,4.336
215,wenner,apparent_resistivity,20.0,0.0,230.0,0.0,90.0,0.0,160.0,0.0,86.7,0.19712476522953323,439.822971502571,86.7,4.335
216,wenner,apparent_resistivity,10.0,0.0,220.0,0.0,80.0,0.0,150.0,0.0,97.95,0.222703238226445,439.822971502571,97.95,4.897500000000001
217,wenner,apparent_resistivity,0.0,0.0,210.0,0.0,70.0,0.0,140.0,0.0,87.41,0.19873905108089387,439.822971502571,87.41,4.3705
218,wenner,apparent_resistivity,180.0,0.0,420.0,0.0,260.0,0.0,340.0,0.0,106.16,0.2111986094829451,502.6548245743669,106.16,5.308
219,wenner,apparent_resistivity,170.0,0.0,410.0,0.0,250.0,0.0,330.0,0.0,87.19,0.17345899360227943,502.6548245743669,87.19,4.3595
220,wenner,apparent_resistivity,160.0,0.0,400.0,0.0,240.0,0.0,320.0,0.0,69.28,0.13782818071758138,502.6548245743669,69.28,3.4640000000000004
221,wenner,apparent_resistivity,150.0,0.0,390.0,0.0,230.0,0.0,310.0,0.0,77.83,0.15483786526052767,502.6548245743669,77.83,3.8915
222,wenner,apparent_resistivity,140.0,0.0,380.0,0.0,220.0,0.0,300.0,0.0,78.31,0.15579279491907905,502.6548245743669,78.31,3.9155
223,wenner,apparent_resistivity,130.0,0.0,370.0,0.0,210.0,0.0,290.0,0.0,71.26,0.1417672655591058,502.6548245743669,71.26,3.5630000000000006
224,wenner,apparent_resistivity,120.0,0.0,360.0,0.0,200.0,0.0,280.0,0.0,54.11,0.10764842463378071,502.6548245743669,54.11,2.7055000000000002
225,wenner,apparent_resistivity,110.0,0.0,350.0,0.0,190.0,0.0,270.0,0.0,62.24,0.12382254572549457,502.6548245743669,62.24,3.112
226,wenner,apparent_resistivity,100.0,0.0,340.0,0.0,180.0,0.0,260.0,0.0,46.75,0.09300616986932635,502.6548245743669,46.75,2.3375
227,wenner,apparent_resistivity,90.0,0.0,330.0,0.0,170.0,0.0,250.0,0.0,66.81,0.1329142718496191,502.6548245743669,66.81,3.3405000000000005
228,wenner,apparent_resistivity,80.0,0.0,320.0,0.0,160.0,0.0,240.0,0.0,98.5,0.19595952368189615,502.6548245743669,98.5,4.925000000000001
229,wenner,apparent_resistivity,70.0,0.0,310.0,0.0,150.0,0.0,230.0,0.0,74.64,0.14849156190473836,502.6548245743669,74.64,3.732
230,wenner,apparent_resistivity,60.0,0.0,300.0,0.0,140.0,0.0,220.0,0.0,81.45,0.16203962643543596,502.6548245743669,81.45,4.072500000000001
231,wenner,apparent_resistivity,50.0,0.0,290.0,0.0,130.0,0.0,210.0,0.0,77.0,0.15318663272594926,502.6548245743669,77.0,3.85
232,wenner,apparent_resistivity,40.0,0.0,280.0,0.0,120.0,0.0,200.0,0.0,93.26,0.185534874909377,502.6548245743669,93.26,4.663
233,wenner,apparent_resistivity,30.0,0.0,270.0,0.0,110.0,0.0,190.0,0.0,84.13,0.16737131702901442,502.6548245743669,84.13,4.2065
234,wenner,apparent_resistivity,20.0,0.0,260.0,0.0,100.0,0.0,180.0,0.0,94.72,0.18843945262080408,502.6548245743669,94.72,4.736
235,wenner,apparent_resistivity,10.0,0.0,250.0,0.0,90.0,0.0,170.0,0.0,98.84,0.1966359321900367,502.6548245743669,98.84,4.942
236,wenner,apparent_resistivity,0.0,0.0,240.0,0.0,80.0,0.0,160.0,0.0,139.02,0.27657150235794115,502.6548245743669,139.02,6.9510000000000005
237,wenner,apparent_resistivity,150.0,0.0,420.0,0.0,240.0,0.0,330.0,0.0,96.78,0.1711446154714848,565.4866776461628,96.78,4.839
238,wenner,apparent_resistivity,140.0,0.0,410.0,0.0,230.0,0.0,320.0,0.0,79.81,0.14113506675737963,565.4866776461628,79.81,3.9905000000000004
239,wenner,apparent_resistivity,130.0,0.0,400.0,0.0,220.0,0.0,310.0,0.0,62.83,0.11110783416070871,565.4866776461628,62.83,3.1415
240,wenner,apparent_resistivity,120.0,0.0,390.0,0.0,210.0,0.0,300.0,0.0,60.3,0.10663381187156987,565.4866776461628,60.3,3.015
241,wenner,apparent_resistivity,110.0,0.0,380.0,0.0,200.0,0.0,290.0,0.0,50.76,0.08976338790382897,565.4866776461628,50.76,2.5380000000000003
242,wenner,apparent_resistivity,100.0,0.0,370.0,0.0,190.0,0.0,280.0,0.0,48.54,0.08583756597422888,565.4866776461628,48.54,2.427
243,wenner,apparent_resistivity,90.0,0.0,360.0,0.0,180.0,0.0,270.0,0.0,62.76,0.11098404698274834,565.4866776461628,62.76,3.138
244,wenner,apparent_resistivity,80.0,0.0,350.0,0.0,170.0,0.0,260.0,0.0,64.91,0.11478608173438806,565.4866776461628,64.91,3.2455
245,wenner,apparent_resistivity,70.0,0.0,340.0,0.0,160.0,0.0,250.0,0.0,74.25,0.13130282805081364,565.4866776461628,74.25,3.7125000000000004
246,wenner,apparent_resistivity,60.0,0.0,330.0,0.0,150.0,0.0,240.0,0.0,67.69,0.11970220108767106,565.4866776461628,67.69,3.3845
247,wenner,apparent_resistivity,50.0,0.0,320.0,0.0,140.0,0.0,230.0,0.0,89.74,0.15869516214518542,565.4866776461628,89.74,4.487
248,wenner,apparent_resistivity,40.0,0.0,310.0,0.0,130.0,0.0,220.0,0.0,83.76,0.14812020037085727,565.4866776461628,83.76,4.188000000000001
249,wenner,apparent_resistivity,30.0,0.0,300.0,0.0,120.0,0.0,210.0,0.0,96.45,0.17056104734681451,565.4866776461628,96.45,4.822500000000001
250,wenner,apparent_resistivity,20.0,0.0,290.0,0.0,110.0,0.0,200.0,0.0,100.27,0.17731629048693717,565.4866776461628,100.27,5.0135000000000005
251,wenner,apparent_resistivity,10.0,0.0,280.0,0.0,100.0,0.0,190.0,0.0,103.64,0.18327575891160036,565.4866776461628,103.64,5.182
252,wenner,apparent_resistivity,0.0,0.0,270.0,0.0,90.0,0.0,180.0,0.0,97.12,0.17174586747872084,565.4866776461628,97.12,4.856000000000001
253,wenner,apparent_resistivity,120.0,0.0,420.0,0.0,220.0,0.0,320.0,0.0,62.82,0.09998113525032865,628.3185307179587,62.82,3.141
254,wenner,apparent_resistivity,110.0,0.0,410.0,0.0,210.0,0.0,310.0,0.0,56.84,0.09046366965343332,628.3185307179587,56.84,2.8420000000000005
255,wenner,apparent_resistivity,100.0,0.0,400.0,0.0,200.0,0.0,300.0,0.0,50.87,0.08096211955084716,628.3185307179587,50.87,2.5435
256,wenner,apparent_resistivity,90.0,0.0,390.0,0.0,190.0,0.0,290.0,0.0,45.12,0.07181071032306317,628.3185307179587,45.12,2.256
257,wenner,apparent_resistivity,80.0,0.0,380.0,0.0,180.0,0.0,280.0,0.0,49.08,0.07811324606950222,628.3185307179587,49.08,2.454
258,wenner,apparent_resistivity,70.0,0.0,370.0,0.0,170.0,0.0,270.0,0.0,63.58,0.10119071281782704,628.3185307179587,63.58,3.1790000000000003
259,wenner,apparent_resistivity,60.0,0.0,360.0,0.0,160.0,0.0,260.0,0.0,78.08,0.12426817956615187,628.3185307179587,78.08,3.904
260,wenner,apparent_resistivity,50.0,0.0,350.0,0.0,150.0,0.0,250.0,0.0,78.41,0.12479339087835513,628.3185307179587,78.41,3.9205
261,wenner,apparent_resistivity,40.0,0.0,340.0,0.0,140.0,0.0,240.0,0.0,89.51,0.14245958956155552,628.3185307179587,89.51,4.4755
262,wenner,apparent_resistivity,30.0,0.0,330.0,0.0,130.0,0.0,230.0,0.0,94.2,0.14992395639256542,628.3185307179587,94.2,4.71
263,wenner,apparent_resistivity,20.0,0.0,320.0,0.0,120.0,0.0,220.0,0.0,98.67,0.15703818234877312,628.3185307179587,98.67,4.9335
264,wenner,apparent_resistivity,10.0,0.0,310.0,0.0,110.0,0.0,210.0,0.0,113.79,0.18110240974426772,628.3185307179587,113.79,5.689500000000001
265,wenner,apparent_resistivity,0.0,0.0,300.0,0.0,100.0,0.0,200.0,0.0,75.99,0.12094184125553126,628.3185307179587,75.99,3.7995
266,wenner,apparent_resistivity,90.0,0.0,420.0,0.0,200.0,0.0,310.0,0.0,104.67,0.1514431626675335,691.1503837897545,104.67,5.2335
267,wenner,apparent_resistivity,80.0,0.0,410.0,0.0,190.0,0.0,300.0,0.0,86.67,0.12539962652522335,691.1503837897545,86.67,4.3335
268,wenner,apparent_resistivity,70.0,0.0,400.0,0.0,180.0,0.0,290.0,0.0,68.68,0.09937055901410338,691.1503837897545,68.68,3.4340000000000006
269,wenner,apparent_resistivity,60.0,0.0,390.0,0.0,170.0,0.0,280.0,0.0,69.5,0.1005569867716975,691.1503837897545,69.5,3.475
270,wenner,apparent_resistivity,50.0,0.0,380.0,0.0,160.0,0.0,270.0,0.0,75.48,0.10920922822342055,691.1503837897545,75.48,3.7740000000000005
271,wenner,apparent_resistivity,40.0,0.0,370.0,0.0,150.0,0.0,260.0,0.0,80.59,0.1166026987615986,691.1503837897545,80.59,4.0295000000000005
272,wenner,apparent_resistivity,30.0,0.0,360.0,0.0,140.0,0.0,250.0,0.0,93.49,0.13526723299692087,691.1503837897545,93.49,4.6745
273,wenner,apparent_resistivity,20.0,0.0,350.0,0.0,130.0,0.0,240.0,0.0,96.58,0.1397380400346841,691.1503837897545,96.58,4.829000000000001
274,wenner,apparent_resistivity,10.0,0.0,340.0,0.0,120.0,0.0,230.0,0.0,105.84,0.15313599251678367,691.1503837897545,105.84,5.292000000000001
275,wenner,apparent_resistivity,0.0,0.0,330.0,0.0,110.0,0.0,220.0,0.0,108.72,0.15730295829955326,691.1503837897545,108.72,5.436
276,wenner,apparent_resistivity,60.0,0.0,420.0,0.0,180.0,0.0,300.0,0.0,105.46,0.13987066915392735,753.9822368615504,105.46,5.273
277,wenner,apparent_resistivity,50.0,0.0,410.0,0.0,170.0,0.0,290.0,0.0,81.75,0.10842430498135369,753.9822368615504,81.75,4.0875
278,wenner,apparent_resistivity,40.0,0.0,400.0,0.0,160.0,0.0,280.0,0.0,108.49,0.1438893314669977,753.9822368615504,108.49,5.4245
279,wenner,apparent_resistivity,30.0,0.0,390.0,0.0,150.0,0.0,270.0,0.0,83.99,0.1113951972524024,753.9822368615504,83.99,4.1995
280,wenner,apparent_resistivity,20.0,0.0,380.0,0.0,140.0,0.0,260.0,0.0,90.89,0.12054660648018639,753.9822368615504,90.89,4.5445
281,wenner,apparent_resistivity,10.0,0.0,370.0,0.0,130.0,0.0,250.0,0.0,96.85,0.12845130198708385,753.9822368615504,96.85,4.8425
282,wenner,apparent_resistivity,0.0,0.0,360.0,0.0,120.0,0.0,240.0,0.0,101.88,0.13512254668501913,753.9822368615504,101.88,5.094
283,wenner,apparent_resistivity,30.0,0.0,420.0,0.0,160.0,0.0,290.0,0.0,86.69,0.1061318616664339,816.8140899333462,86.69,4.3345
284,wenner,apparent_resistivity,20.0,0.0,410.0,0.0,150.0,0.0,280.0,0.0,71.5,0.08753521870054244,816.8140899333462,71.5,3.575
285,wenner,apparent_resistivity,10.0,0.0,400.0,0.0,140.0,0.0,270.0,0.0,95.52,0.11694215510875264,816.8140899333462,95.52,4.776
286,wenner,apparent_resistivity,0.0,0.0,390.0,0.0,130.0,0.0,260.0,0.0,97.69,0.11959881838959428,816.8140899333462,97.69,4.8845
287,wenner,apparent_resistivity,0.0,0.0,420.0,0.0,140.0,0.0,280.0,0.0,125.59,0.14277335216365097,879.645943005142,125.59,6.2795000000000005
